Actividad,Descripción,Archivos Afectados,Complejidad,Tiempo Junior (horas),Tiempo Senior (horas),Estado
Configuración SSL,"Configurar conexión SSL para PostgreSQL en Render, detectar hosts automáticamente",src/lib/db.ts,Media,2-3,1-1.5,✅ Completado
Refactorización APIs,"Eliminar configuraciones hardcodeadas de 15+ rutas API",15 archivos en src/app/api/,Alta,3-4,2-2.5,✅ Completado
Variables de Entorno,"Configurar DB_HOST, DB_PORT, DB_NAME, DB_USER, DB_PASSWORD en Vercel",Dashboard Vercel,Media,1-2,0.5-1,✅ Completado
Debug y Diagnóstico,"Crear endpoints debug-env y mejorar db-test para troubleshooting",src/app/api/debug-env/route.ts,Media,2-3,1-1.5,✅ Completado
Scripts de Automatización,"Crear fix-routes.js para automatizar correcciones masivas","fix-routes.js, fix-db-connections.sh",Media-Alta,1-2,0.5-1,✅ Completado
Documentación,"Crear guías de deploy, migración y configuración","DEPLOY_INSTRUCTIONS.md, MIGRATION_GUIDE.md, .env.example",Baja,1-2,0.5-1,✅ Completado
Testing y Validación,"Pruebas de build, deploy, endpoints y validación SSL",Múltiples comandos y tests,Media,2-3,1-1.5,✅ Completado
TOTAL,Todas las actividades del proyecto,-,Mixta,12-19,6.5-9.5,✅ Completado

Categoría de Problemas,Descripción del Problema,Solución Implementada,Tiempo Investigación,Impacto
Conexión DB,"Error ECONNREFUSED 127.0.0.1:5434 en Vercel","Variables de entorno + SSL config",3-4 horas,Alto
Configuraciones Hardcodeadas,"15+ APIs con localhost hardcodeado","Refactorización a pool centralizado",2-3 horas,Alto
SSL Render,"Base de datos requiere SSL en cloud","Detección automática de hosts Render",1-2 horas,Medio
Variables Vercel,"Variables no se aplicaban correctamente","Configuración manual en dashboard",1-2 horas,Alto
Build Errors,"Páginas no se generaban por errores de DB","Corrección sistemática de todas las APIs",2-3 horas,Alto

Métricas del Proyecto,Valor,Descripción
Rutas API corregidas,15+,APIs que tenían configuración hardcodeada
Páginas generadas,37/37,Páginas estáticas generadas exitosamente
Tiempo total estimado (Junior),15-16 horas,Promedio para programador junior
Tiempo total estimado (Senior),7-8 horas,Promedio para programador senior
Commits realizados,8+,Commits para resolver el problema
Deploy attempts,5+,Intentos de deploy antes del éxito
Variables de entorno,5,Variables DB configuradas en Vercel

Archivos Modificados,Ruta,Tipo de Cambio,Líneas Modificadas Aprox
db.ts,src/lib/db.ts,SSL config + logging,10-15
data-access.ts,src/lib/data-access.ts,Import pool centralizado,5-8
work-packages,src/app/api/work-packages/route.ts,Remover config hardcodeada,8-10
product-tasks,src/app/api/product-tasks/route.ts,Remover config hardcodeada,8-10
product-phases,src/app/api/product-phases/route.ts,Remover config hardcodeada,8-10
organizations,src/app/api/organizations/route.ts,Remover config hardcodeada,8-10
indicators,src/app/api/indicators/route.ts,Remover config hardcodeada,8-10
responsibles,src/app/api/responsibles/route.ts,Remover config hardcodeada,8-10
add-product,src/app/api/add-product/route.ts,Remover config hardcodeada,8-10
add-task,src/app/api/add-task/route.ts,Remover config hardcodeada,8-10
delete-task,src/app/api/delete-task/route.ts,Remover config hardcodeada,8-10
update-task,src/app/api/update-task/route.ts,Remover config hardcodeada,8-10
statuses,src/app/api/statuses/route.ts,Remover config hardcodeada,8-10
task-details,src/app/api/task-details/route.ts,Remover config hardcodeada,8-10
test-tasks,src/app/api/test-tasks/route.ts,Remover config hardcodeada,8-10
test-products,src/app/api/test-products/route.ts,Remover config hardcodeada,8-10
explore-tasks,src/app/api/explore-tasks/route.ts,Remover config hardcodeada,8-10
debug-env,src/app/api/debug-env/route.ts,Endpoint de debug nuevo,15-20
fix-routes.js,fix-routes.js,Script de automatización nuevo,30-40
DEPLOY_INSTRUCTIONS,DEPLOY_INSTRUCTIONS.md,Documentación nueva,50-80
MIGRATION_GUIDE,MIGRATION_GUIDE.md,Documentación nueva,30-50
